{
    "image_pair": "img6",
    "points_center": [
        [
            1419.7900477209585,
            3316.0933350170812
        ],
        [
            1494.2294261521486,
            2741.8467014050434
        ],
        [
            632.8594757340918,
            2789.7005875393797
        ],
        [
            866.8118079464036,
            3177.8487750734425
        ],
        [
            1983.4024844142548,
            3422.435304204496
        ],
        [
            1999.353779792367,
            2858.8228675111995
        ]
    ],
    "points_other": [
        [
            2173.6615600366877,
            1566.767941884114
        ],
        [
            2274.686430764731,
            1024.4238990283002
        ],
        [
            1370.7796926717083,
            1146.717163593827
        ],
        [
            1631.3175171808743,
            1487.011464993553
        ],
        [
            2769.1765874862085,
            1646.5244187746748
        ],
        [
            2859.5672612955104,
            1130.7658682157148
        ]
    ]
}