{
    "image_pair": "img3",
    "points_center": [
        [
            1414.4729492615877,
            3326.7275319358228
        ],
        [
            1972.7682874955137,
            3433.0695011232374
        ],
        [
            1488.9123276927778,
            2747.163799864414
        ],
        [
            2589.5517087825174,
            2864.13996597057
        ],
        [
            2584.2346103231466,
            3768.0467040635926
        ],
        [
            2137.598339736006,
            3932.876756304085
        ]
    ],
    "points_other": [
        [
            1487.755858777865,
            1391.30369272488
        ],
        [
            1987.5631139587122,
            1455.1088742373286
        ],
        [
            1535.6097449122008,
            848.9596498690667
        ],
        [
            2668.151716758165,
            944.6674221377393
        ],
        [
            2503.3216645176726,
            1694.3783049090111
        ],
        [
            2115.1734769836094,
            1795.403175637055
        ]
    ]
}