{
    "image_pair": "img5",
    "points_center": [
        [
            1988.7195828736255,
            3427.7524026638666
        ],
        [
            2153.5496351141182,
            3911.608362466602
        ],
        [
            2573.600413404405,
            3778.680900982334
        ],
        [
            2424.721656542025,
            2188.868461630488
        ],
        [
            1696.2791676082359,
            3156.5803812359595
        ],
        [
            2903.260517885389,
            3034.287116670433
        ]
    ],
    "points_other": [
        [
            434.9703638224619,
            1651.8415172340456
        ],
        [
            557.2636283879883,
            1992.1358186337716
        ],
        [
            929.4605205439384,
            1859.2083571495036
        ],
        [
            945.4118159220507,
            418.2746746600378
        ],
        [
            110.62735780084768,
            1423.2062834811045
        ],
        [
            1280.3890188624064,
            1332.8156096718021
        ]
    ]
}