{
    "image_pair": "img4",
    "points_center": [
        [
            1983.4024844142548,
            3433.0695011232374
        ],
        [
            2073.793158223557,
            3034.287116670433
        ],
        [
            2562.9662164856636,
            1731.5979941246064
        ],
        [
            2584.2346103231466,
            3762.729605604222
        ],
        [
            2153.5496351141182,
            3916.925460925973
        ],
        [
            2897.9434194260184,
            3034.287116670433
        ]
    ],
    "points_other": [
        [
            169.11544085392597,
            3215.0684642890374
        ],
        [
            333.94549309441845,
            2810.9689813768628
        ],
        [
            1030.4853912719827,
            1577.4021388028555
        ],
        [
            716.77658216911,
            3443.703698041979
        ],
        [
            254.18901620385714,
            3656.3876364168073
        ],
        [
            1110.2418681625431,
            2747.163799864414
        ]
    ]
}