{
    "image_pair": "img1",
    "points_center": [
        [
            1435.7413430990707,
            3326.7275319358228
        ],
        [
            1488.9123276927778,
            2736.5296029456727
        ],
        [
            1605.8884937989335,
            801.1057637347299
        ],
        [
            531.8346050060479,
            1534.8653511278894
        ],
        [
            638.1765741934626,
            2805.651882917492
        ],
        [
            579.6884911403843,
            3156.5803812359595
        ]
    ],
    "points_other": [
        [
            2710.68850443313,
            3278.8736458014864
        ],
        [
            2700.0543075143887,
            2672.724421433224
        ],
        [
            2583.078141408233,
            492.7140530912279
        ],
        [
            1562.1952372090545,
            1529.5482526685187
        ],
        [
            1796.1475694213668,
            2731.212504486302
        ],
        [
            1780.1962740432546,
            3044.921313589174
        ]
    ]
}